,loss, MCC2 NO_SP, MCC2 SP, MCC2 LIPO, MCC2 TAT
eukarya MCC2,0.03283921275360617,0.005484207168079845,0.003639354858436541,,
archaea MCC2,0.2417416503191054,0.027452577535629213,0.07128385257756546,0.0729117142583245,0.04895478579907038
positive MCC2,0.32473422964074516,0.022722082588263467,0.02218384336472703,0.0164805650039915,0.054677838840408485
negative MCC2,0.05426834238872637,0.01045413002045997,0.02369489171174002,0.010709676076451593,0.009901214984023143
