,loss, MCC2 NO_SP, MCC2 SP, MCC2 LIPO, MCC2 TAT
eukarya MCC2,0.24571355861789165,0.9670668470853266,0.9635295403173334,,
archaea MCC2,0.71839166469872,0.9204500933020405,0.8774315297035671,0.9332921024306768,0.9544296102970286
positive MCC2,0.9572573111289078,0.946148237356159,0.8946567665349889,0.9530073628531891,0.8706768698193752
negative MCC2,0.6569441118795011,0.9626911824881754,0.9030184820671134,0.9460100275099222,0.9846253731557715
