,bin,mcc,count
0,0.0,0.0,0
1,0.1,0.0,0
2,0.2,0.960464976233024,8982
3,0.3,0.9631396547319925,19594
4,0.4,0.9818004147242064,970
5,0.5,0.9882025316945451,728
6,0.6,0.9946541653140835,588
7,0.7,0.9940376643262441,502
8,0.8,0.9943586551361662,558
9,0.9,0.962095274213995,456
