,bin,mcc,count
0,0.0,0.0,0
1,0.1,0.0,0
2,0.2,0.918751929525061,8982
3,0.3,0.9277954105363353,19594
4,0.4,0.9247271473484918,970
5,0.5,0.9281111673510457,728
6,0.6,0.9705714847183949,588
7,0.7,0.9910369019952785,502
8,0.8,0.9886796515377454,558
9,0.9,0.965286883878911,456
